...1	Bin ID	Bin Quality	Bin Lineage	Domain	Phylum	Class	Order	Family	Genus	Bin Methods	Created By	Date Added	Completeness	Contamination	Total Number of Bases	5s rRNA	16s rRNA	23s rRNA	tRNA Genes	Gene Count	Scaffold Count
NA	3300050821_379	HQ	Archaea; Thaumarchaeota; unclassified; unclassified; unclassified; Candidatus Nitrosotalea	Archaea	Thermoproteota	Nitrososphaeria	Nitrososphaerales	Nitrosopumilaceae	TA-20	MetaBAT v2:2.15, CheckM v1.1.3, GTDB-tk v1.3.0,GTDB database release 95	IMG_PIPELINE	2022-07-18	98.54	0	1695239	1	1	1	44	1999	38
NA	3300050821_1794	MQ	Bacteria; Acidobacteria; Acidobacteriia; Acidobacteriales; Acidobacteriaceae; unclassified; Acidobacteriaceae bacterium KBS 89	Bacteria	Acidobacteriota	Acidobacteriae	Acidobacteriales	Acidobacteriaceae	Edaphobacter	MetaBAT v2:2.15, CheckM v1.1.3, GTDB-tk v1.3.0,GTDB database release 95	IMG_PIPELINE	2022-07-18	94.4	0.86	4939790	0	0	0	44	4386	190
NA	3300050821_531	HQ	Bacteria; Acidobacteria; Acidobacteriia; Acidobacteriales	Bacteria	Acidobacteriota	Acidobacteriae	Acidobacteriales	Acidobacteriaceae	Terracidiphilus	MetaBAT v2:2.15, CheckM v1.1.3, GTDB-tk v1.3.0,GTDB database release 95	IMG_PIPELINE	2022-07-18	96.36	1.72	4680572	1	1	1	47	4053	56
NA	3300050821_325	MQ	Bacteria; Acidobacteria; Acidobacteriia; Acidobacteriales	Bacteria	Acidobacteriota	Acidobacteriae	Acidobacteriales	Acidobacteriaceae	Terracidiphilus	MetaBAT v2:2.15, CheckM v1.1.3, GTDB-tk v1.3.0,GTDB database release 95	IMG_PIPELINE	2022-07-18	92.15	1.08	5957832	1	0	1	51	5231	191
NA	3300050821_458	MQ	Bacteria; Acidobacteria; Acidobacteriia; Acidobacteriales	Bacteria	Acidobacteriota	Acidobacteriae	Acidobacteriales	Acidobacteriaceae	Terracidiphilus	MetaBAT v2:2.15, CheckM v1.1.3, GTDB-tk v1.3.0,GTDB database release 95	IMG_PIPELINE	2022-07-18	92.2	0.86	5249091	1	0	1	67	4559	208
NA	3300050821_2516	HQ	Bacteria	Bacteria	Acidobacteriota	Acidobacteriae	Acidobacteriales	Gp1-AA117	Gp1-AA17	MetaBAT v2:2.15, CheckM v1.1.3, GTDB-tk v1.3.0,GTDB database release 95	IMG_PIPELINE	2022-07-18	98.93	2.85	6886163	1	1	1	88	5929	82
NA	3300050821_83	HQ	Bacteria	Bacteria	Acidobacteriota	Acidobacteriae	Acidobacteriales	Gp1-AA117	Gp1-AA17	MetaBAT v2:2.15, CheckM v1.1.3, GTDB-tk v1.3.0,GTDB database release 95	IMG_PIPELINE	2022-07-18	93.43	1.99	5525048	1	1	1	53	5032	163
NA	3300050821_470	MQ	Bacteria; Acidobacteria; Acidobacteriia; Acidobacteriales	Bacteria	Acidobacteriota	Acidobacteriae	Acidobacteriales	Gp1-AA117	Gp1-AA17	MetaBAT v2:2.15, CheckM v1.1.3, GTDB-tk v1.3.0,GTDB database release 95	IMG_PIPELINE	2022-07-18	94.71	2.85	4437472	1	0	1	55	4105	145
NA	3300050821_102	MQ	Bacteria; Acidobacteria; Acidobacteriia; Acidobacteriales	Bacteria	Acidobacteriota	Acidobacteriae	Acidobacteriales	Koribacteraceae	NA	MetaBAT v2:2.15, CheckM v1.1.3, GTDB-tk v1.3.0,GTDB database release 95	IMG_PIPELINE	2022-07-18	96.79	2.56	4599331	1	0	1	53	4369	85
NA	3300050821_1299	MQ	Bacteria; Acidobacteria; Acidobacteriia; Acidobacteriales	Bacteria	Acidobacteriota	Acidobacteriae	Acidobacteriales	Koribacteraceae	NA	MetaBAT v2:2.15, CheckM v1.1.3, GTDB-tk v1.3.0,GTDB database release 95	IMG_PIPELINE	2022-07-18	97.74	0.9	4045499	0	0	0	52	3776	91
NA	3300050821_1347	MQ	Bacteria; Acidobacteria; Acidobacteriia; Acidobacteriales	Bacteria	Acidobacteriota	Acidobacteriae	Acidobacteriales	Koribacteraceae	NA	MetaBAT v2:2.15, CheckM v1.1.3, GTDB-tk v1.3.0,GTDB database release 95	IMG_PIPELINE	2022-07-18	93.42	0.85	6298257	0	0	0	44	5905	199
NA	3300050821_2533	MQ	Bacteria; Acidobacteria; Acidobacteriia; Acidobacteriales	Bacteria	Acidobacteriota	Acidobacteriae	Acidobacteriales	Koribacteraceae	NA	MetaBAT v2:2.15, CheckM v1.1.3, GTDB-tk v1.3.0,GTDB database release 95	IMG_PIPELINE	2022-07-18	91.77	0.85	4233198	0	0	0	44	4034	129
NA	3300050821_670	MQ	Bacteria; Acidobacteria; Acidobacteriia; Acidobacteriales	Bacteria	Acidobacteriota	Acidobacteriae	Acidobacteriales	Koribacteraceae	NA	MetaBAT v2:2.15, CheckM v1.1.3, GTDB-tk v1.3.0,GTDB database release 95	IMG_PIPELINE	2022-07-18	95.92	2.56	3554710	0	0	0	41	3328	105
NA	3300050821_2504	MQ	Bacteria; Acidobacteria; Acidobacteriia; Acidobacteriales	Bacteria	Acidobacteriota	Acidobacteriae	Acidobacteriales	Koribacteraceae	Bog-209	MetaBAT v2:2.15, CheckM v1.1.3, GTDB-tk v1.3.0,GTDB database release 95	IMG_PIPELINE	2022-07-18	92.25	0.85	5113552	1	0	0	45	4456	24
NA	3300050821_2175	MQ	Bacteria; Acidobacteria; Acidobacteriia; Acidobacteriales	Bacteria	Acidobacteriota	Acidobacteriae	Acidobacteriales	Koribacteraceae	Gp1-AA133	MetaBAT v2:2.15, CheckM v1.1.3, GTDB-tk v1.3.0,GTDB database release 95	IMG_PIPELINE	2022-07-18	93.38	0.85	4204390	0	0	0	33	3972	199
NA	3300050821_1352	MQ	Bacteria; Acidobacteria; Acidobacteriia; Acidobacteriales	Bacteria	Acidobacteriota	Acidobacteriae	Acidobacteriales	Koribacteraceae	Sulfotelmatobacter	MetaBAT v2:2.15, CheckM v1.1.3, GTDB-tk v1.3.0,GTDB database release 95	IMG_PIPELINE	2022-07-18	96.96	1.71	4498498	0	0	0	42	4182	136
NA	3300050821_1743	MQ	Bacteria; Acidobacteria; Acidobacteriia; Acidobacteriales	Bacteria	Acidobacteriota	Acidobacteriae	Acidobacteriales	Koribacteraceae	Sulfotelmatobacter	MetaBAT v2:2.15, CheckM v1.1.3, GTDB-tk v1.3.0,GTDB database release 95	IMG_PIPELINE	2022-07-18	93.75	1.71	5351730	0	0	0	41	4684	122
NA	3300050821_2077	MQ	Bacteria; Acidobacteria; Acidobacteriia; Acidobacteriales	Bacteria	Acidobacteriota	Acidobacteriae	Acidobacteriales	Koribacteraceae	Sulfotelmatobacter	MetaBAT v2:2.15, CheckM v1.1.3, GTDB-tk v1.3.0,GTDB database release 95	IMG_PIPELINE	2022-07-18	95.14	1.71	4786920	0	0	0	45	4268	52
NA	3300050821_554	MQ	Bacteria; Acidobacteria; Acidobacteriia; Acidobacteriales	Bacteria	Acidobacteriota	Acidobacteriae	Acidobacteriales	Koribacteraceae	Sulfotelmatobacter	MetaBAT v2:2.15, CheckM v1.1.3, GTDB-tk v1.3.0,GTDB database release 95	IMG_PIPELINE	2022-07-18	100	2.56	5063221	1	0	1	47	4501	65
NA	3300050821_2503	HQ	Bacteria; Acidobacteria; Acidobacteriia; Acidobacteriales	Bacteria	Acidobacteriota	Acidobacteriae	Acidobacteriales	QIAW01	QIAW01	MetaBAT v2:2.15, CheckM v1.1.3, GTDB-tk v1.3.0,GTDB database release 95	IMG_PIPELINE	2022-07-18	98.93	1.71	5261010	1	1	1	71	4597	22
NA	3300050821_1429	HQ	Bacteria; Acidobacteria; Acidobacteriia; Bryobacterales; Solibacteraceae; Candidatus Solibacter; Candidatus Solibacter usitatus	Bacteria	Acidobacteriota	Acidobacteriae	Bryobacterales	Bryobacteraceae	NA	MetaBAT v2:2.15, CheckM v1.1.3, GTDB-tk v1.3.0,GTDB database release 95	IMG_PIPELINE	2022-07-18	96.49	0.88	8278539	1	1	1	48	7241	317
NA	3300050821_108	MQ	Bacteria; Acidobacteria; Acidobacteriia	Bacteria	Acidobacteriota	Acidobacteriae	Bryobacterales	Bryobacteraceae	Palsa-187	MetaBAT v2:2.15, CheckM v1.1.3, GTDB-tk v1.3.0,GTDB database release 95	IMG_PIPELINE	2022-07-18	97.2	2.17	7513553	1	0	1	57	7041	102
NA	3300050821_44	MQ	Bacteria; Acidobacteria; Acidobacteriia	Bacteria	Acidobacteriota	Acidobacteriae	Bryobacterales	Bryobacteraceae	Palsa-187	MetaBAT v2:2.15, CheckM v1.1.3, GTDB-tk v1.3.0,GTDB database release 95	IMG_PIPELINE	2022-07-18	90.33	4.24	7607569	0	1	0	66	6990	261
NA	3300050821_71	MQ	Bacteria; Acidobacteria; Acidobacteriia	Bacteria	Acidobacteriota	Acidobacteriae	Bryobacterales	Bryobacteraceae	Palsa-187	MetaBAT v2:2.15, CheckM v1.1.3, GTDB-tk v1.3.0,GTDB database release 95	IMG_PIPELINE	2022-07-18	95.38	1.74	7752733	1	0	2	61	7162	278
NA	3300050821_877	MQ	Bacteria; Acidobacteria; Acidobacteriia	Bacteria	Acidobacteriota	Acidobacteriae	Bryobacterales	Bryobacteraceae	Palsa-187	MetaBAT v2:2.15, CheckM v1.1.3, GTDB-tk v1.3.0,GTDB database release 95	IMG_PIPELINE	2022-07-18	95.39	0.87	7726681	1	0	0	52	7210	148
NA	3300050821_74	MQ	Bacteria; Acidobacteria; Acidobacteriia	Bacteria	Acidobacteriota	Acidobacteriae	Bryobacterales	Bryobacteraceae	PSRJ01	MetaBAT v2:2.15, CheckM v1.1.3, GTDB-tk v1.3.0,GTDB database release 95	IMG_PIPELINE	2022-07-18	96.35	0.88	7921306	1	0	1	65	7387	236
NA	3300050821_1305	MQ	Bacteria; Acidobacteria; Acidobacteriia	Bacteria	Acidobacteriota	Acidobacteriae	Bryobacterales	Bryobacteraceae	QHXW01	MetaBAT v2:2.15, CheckM v1.1.3, GTDB-tk v1.3.0,GTDB database release 95	IMG_PIPELINE	2022-07-18	96.56	1.75	6602422	0	0	0	35	6242	337
NA	3300050821_26	MQ	Bacteria; Acidobacteria; Acidobacteriia	Bacteria	Acidobacteriota	Acidobacteriae	Bryobacterales	Bryobacteraceae	QHXW01	MetaBAT v2:2.15, CheckM v1.1.3, GTDB-tk v1.3.0,GTDB database release 95	IMG_PIPELINE	2022-07-18	92.28	0	6742904	0	0	0	44	6282	402
NA	3300050821_2163	HQ	Bacteria; Acidobacteria	Bacteria	Acidobacteriota	Acidobacteriae	UBA7540	UBA7540	NA	MetaBAT v2:2.15, CheckM v1.1.3, GTDB-tk v1.3.0,GTDB database release 95	IMG_PIPELINE	2022-07-18	96.37	4.27	6364278	1	1	2	78	5669	310
NA	3300050821_1500	HQ	Bacteria; Acidobacteria; Acidobacteriia	Bacteria	Acidobacteriota	Acidobacteriae	UBA7541	UBA7541	NA	MetaBAT v2:2.15, CheckM v1.1.3, GTDB-tk v1.3.0,GTDB database release 95	IMG_PIPELINE	2022-07-18	90.27	2.56	4260833	1	1	1	32	3954	321
NA	3300050821_469	HQ	Bacteria; Acidobacteria	Bacteria	Acidobacteriota	Acidobacteriae	UBA7541	UBA7541	NA	MetaBAT v2:2.15, CheckM v1.1.3, GTDB-tk v1.3.0,GTDB database release 95	IMG_PIPELINE	2022-07-18	94.02	1.71	5225225	1	2	1	53	4465	102
NA	3300050821_63	HQ	Bacteria	Bacteria	Acidobacteriota	Acidobacteriae	UBA7541	UBA7541	NA	MetaBAT v2:2.15, CheckM v1.1.3, GTDB-tk v1.3.0,GTDB database release 95	IMG_PIPELINE	2022-07-18	93.16	2.56	4342282	1	2	2	52	3959	123
NA	3300050821_92	HQ	Bacteria	Bacteria	Acidobacteriota	Acidobacteriae	UBA7541	UBA7541	NA	MetaBAT v2:2.15, CheckM v1.1.3, GTDB-tk v1.3.0,GTDB database release 95	IMG_PIPELINE	2022-07-18	90.17	1.71	5266951	1	2	2	51	4812	98
NA	3300050821_975	HQ	Bacteria; Acidobacteria	Bacteria	Acidobacteriota	Acidobacteriae	UBA7541	UBA7541	NA	MetaBAT v2:2.15, CheckM v1.1.3, GTDB-tk v1.3.0,GTDB database release 95	IMG_PIPELINE	2022-07-18	92.31	2.56	3780186	1	2	2	39	3477	96
NA	3300050821_75	MQ	Bacteria	Bacteria	Acidobacteriota	Acidobacteriae	UBA7541	UBA7541	Palsa-189	MetaBAT v2:2.15, CheckM v1.1.3, GTDB-tk v1.3.0,GTDB database release 95	IMG_PIPELINE	2022-07-18	94.87	2.56	3583937	1	0	2	51	3459	121
NA	3300050821_1410	HQ	NA	Bacteria	Acidobacteriota	Acidobacteriae	UBA7541	UBA7541	Palsa-360	MetaBAT v2:2.15, CheckM v1.1.3, GTDB-tk v1.3.0,GTDB database release 95	IMG_PIPELINE	2022-07-18	94.02	3.42	4626179	1	1	1	43	4150	74
NA	3300050821_31	HQ	Bacteria; Acidobacteria	Bacteria	Acidobacteriota	Acidobacteriae	UBA7541	UBA7541	UBA7541	MetaBAT v2:2.15, CheckM v1.1.3, GTDB-tk v1.3.0,GTDB database release 95	IMG_PIPELINE	2022-07-18	91.95	2.74	4816576	1	1	1	51	4551	260
NA	3300050821_678	HQ	Bacteria; Acidobacteria	Bacteria	Acidobacteriota	Acidobacteriae	UBA7541	UBA7541	UBA7541	MetaBAT v2:2.15, CheckM v1.1.3, GTDB-tk v1.3.0,GTDB database release 95	IMG_PIPELINE	2022-07-18	90.6	2.56	4395295	1	1	2	47	4106	54
NA	3300050821_1121	MQ	Bacteria; Acidobacteria; Acidobacteriia	Bacteria	Acidobacteriota	Acidobacteriae	UBA7541	UBA7541	UBA7541	MetaBAT v2:2.15, CheckM v1.1.3, GTDB-tk v1.3.0,GTDB database release 95	IMG_PIPELINE	2022-07-18	91.08	0.85	4948654	1	0	1	34	4419	237
NA	3300050821_1954	MQ	Bacteria; Acidobacteria; Acidobacteriia	Bacteria	Acidobacteriota	Acidobacteriae	UBA7541	UBA7541	UBA7541	MetaBAT v2:2.15, CheckM v1.1.3, GTDB-tk v1.3.0,GTDB database release 95	IMG_PIPELINE	2022-07-18	92.59	2.56	4954583	0	1	0	47	4486	167
NA	3300050821_1804	MQ	Bacteria; Acidobacteria; Holophagae; Holophagales; Holophagaceae; Geothrix; Geothrix fermentans	Bacteria	Acidobacteriota	Holophagae	Holophagales	Holophagaceae	NA	MetaBAT v2:2.15, CheckM v1.1.3, GTDB-tk v1.3.0,GTDB database release 95	IMG_PIPELINE	2022-07-18	90.52	1.75	2505670	1	0	0	38	2505	71
NA	3300050821_2523	MQ	Bacteria	Bacteria	Acidobacteriota	Thermoanaerobaculia	Gp7-AA8	Gp7-AA8	NA	MetaBAT v2:2.15, CheckM v1.1.3, GTDB-tk v1.3.0,GTDB database release 95	IMG_PIPELINE	2022-07-18	100	3.42	6198594	0	0	0	47	5831	201
NA	3300050821_2529	HQ	Bacteria	Bacteria	Acidobacteriota	Thermoanaerobaculia	UBA5704	UBA5704	UBA5704	MetaBAT v2:2.15, CheckM v1.1.3, GTDB-tk v1.3.0,GTDB database release 95	IMG_PIPELINE	2022-07-18	93.1	1.76	6746825	1	1	1	49	5208	90
NA	3300050821_57	HQ	Bacteria; Actinobacteria; Actinomycetia	Bacteria	Actinobacteriota	Acidimicrobiia	Acidimicrobiales	RAAP-2	Bog-473	MetaBAT v2:2.15, CheckM v1.1.3, GTDB-tk v1.3.0,GTDB database release 95	IMG_PIPELINE	2022-07-18	95.44	2.99	3844659	1	1	1	48	3808	185
NA	3300050821_77	MQ	Bacteria; Actinobacteria; Actinomycetia; Corynebacteriales; Mycobacteriaceae; Mycobacterium	Bacteria	Actinobacteriota	Actinomycetia	Mycobacteriales	Mycobacteriaceae	Mycobacterium	MetaBAT v2:2.15, CheckM v1.1.3, GTDB-tk v1.3.0,GTDB database release 95	IMG_PIPELINE	2022-07-18	95.19	1.39	6613201	1	0	1	55	6644	366
NA	3300050821_96	MQ	Bacteria; Actinobacteria; Actinomycetia	Bacteria	Actinobacteriota	Actinomycetia	Streptosporangiales	Streptosporangiaceae	NA	MetaBAT v2:2.15, CheckM v1.1.3, GTDB-tk v1.3.0,GTDB database release 95	IMG_PIPELINE	2022-07-18	96.3	3.88	8244737	2	0	1	46	7565	148
NA	3300050821_1033	MQ	Bacteria; Actinobacteria; Thermoleophilia; Solirubrobacterales	Bacteria	Actinobacteriota	Thermoleophilia	Solirubrobacterales	70-9	VAYN01	MetaBAT v2:2.15, CheckM v1.1.3, GTDB-tk v1.3.0,GTDB database release 95	IMG_PIPELINE	2022-07-18	91.4	1.38	2008314	0	1	0	37	2231	147
NA	3300050821_1133	HQ	Bacteria; Actinobacteria; Thermoleophilia; Solirubrobacterales	Bacteria	Actinobacteriota	Thermoleophilia	Solirubrobacterales	Solirubrobacteraceae	NA	MetaBAT v2:2.15, CheckM v1.1.3, GTDB-tk v1.3.0,GTDB database release 95	IMG_PIPELINE	2022-07-18	95.34	2.14	3840312	1	1	1	56	3450	37
NA	3300050821_467	MQ	Bacteria; Actinobacteria; Thermoleophilia; Solirubrobacterales	Bacteria	Actinobacteriota	Thermoleophilia	Solirubrobacterales	Solirubrobacteraceae	NA	MetaBAT v2:2.15, CheckM v1.1.3, GTDB-tk v1.3.0,GTDB database release 95	IMG_PIPELINE	2022-07-18	94.36	0.85	3665103	0	1	0	54	3606	51
NA	3300050821_653	HQ	Bacteria; Actinobacteria; Thermoleophilia; Solirubrobacterales; Conexibacteraceae; Conexibacter	Bacteria	Actinobacteriota	Thermoleophilia	Solirubrobacterales	Solirubrobacteraceae	Conexibacter	MetaBAT v2:2.15, CheckM v1.1.3, GTDB-tk v1.3.0,GTDB database release 95	IMG_PIPELINE	2022-07-18	98.05	1.61	4072502	1	1	1	56	4179	87
NA	3300050821_1148	HQ	Bacteria; Actinobacteria; Thermoleophilia; Solirubrobacterales	Bacteria	Actinobacteriota	Thermoleophilia	Solirubrobacterales	Solirubrobacteraceae	Palsa-744	MetaBAT v2:2.15, CheckM v1.1.3, GTDB-tk v1.3.0,GTDB database release 95	IMG_PIPELINE	2022-07-18	96.3	0.09	3026068	1	1	1	48	3112	156
NA	3300050821_1309	HQ	Bacteria; Actinobacteria; Thermoleophilia; Solirubrobacterales	Bacteria	Actinobacteriota	Thermoleophilia	Solirubrobacterales	Solirubrobacteraceae	Palsa-744	MetaBAT v2:2.15, CheckM v1.1.3, GTDB-tk v1.3.0,GTDB database release 95	IMG_PIPELINE	2022-07-18	97.12	2.56	2851951	1	1	1	44	2772	117
NA	3300050821_1385	HQ	Bacteria; Actinobacteria; Thermoleophilia; Solirubrobacterales	Bacteria	Actinobacteriota	Thermoleophilia	Solirubrobacterales	Solirubrobacteraceae	Palsa-744	MetaBAT v2:2.15, CheckM v1.1.3, GTDB-tk v1.3.0,GTDB database release 95	IMG_PIPELINE	2022-07-18	97.01	2.56	3579405	1	1	1	51	3289	43
NA	3300050821_1450	HQ	Bacteria; Actinobacteria; Thermoleophilia; Solirubrobacterales	Bacteria	Actinobacteriota	Thermoleophilia	Solirubrobacterales	Solirubrobacteraceae	Palsa-744	MetaBAT v2:2.15, CheckM v1.1.3, GTDB-tk v1.3.0,GTDB database release 95	IMG_PIPELINE	2022-07-18	96.37	2.14	3035426	1	1	1	57	2914	73
NA	3300050821_2510	HQ	Bacteria; Actinobacteria; Thermoleophilia; Solirubrobacterales	Bacteria	Actinobacteriota	Thermoleophilia	Solirubrobacterales	Solirubrobacteraceae	Palsa-744	MetaBAT v2:2.15, CheckM v1.1.3, GTDB-tk v1.3.0,GTDB database release 95	IMG_PIPELINE	2022-07-18	91.17	0.09	3014814	1	1	1	46	3027	13
NA	3300050821_2527	HQ	Bacteria; Actinobacteria; Thermoleophilia; Solirubrobacterales	Bacteria	Actinobacteriota	Thermoleophilia	Solirubrobacterales	Solirubrobacteraceae	Palsa-744	MetaBAT v2:2.15, CheckM v1.1.3, GTDB-tk v1.3.0,GTDB database release 95	IMG_PIPELINE	2022-07-18	94.19	2.28	3380624	1	1	1	51	3387	98
NA	3300050821_1269	MQ	Bacteria; Actinobacteria; Thermoleophilia; Solirubrobacterales	Bacteria	Actinobacteriota	Thermoleophilia	Solirubrobacterales	Solirubrobacteraceae	Palsa-744	MetaBAT v2:2.15, CheckM v1.1.3, GTDB-tk v1.3.0,GTDB database release 95	IMG_PIPELINE	2022-07-18	95.47	0.85	3135385	0	1	0	46	3150	43
NA	3300050821_1449	MQ	Bacteria; Actinobacteria; Thermoleophilia; Solirubrobacterales	Bacteria	Actinobacteriota	Thermoleophilia	Solirubrobacterales	Solirubrobacteraceae	Palsa-744	MetaBAT v2:2.15, CheckM v1.1.3, GTDB-tk v1.3.0,GTDB database release 95	IMG_PIPELINE	2022-07-18	95.23	1.71	2989722	1	0	1	52	2844	38
NA	3300050821_2164	MQ	Bacteria; Actinobacteria; Thermoleophilia; Solirubrobacterales	Bacteria	Actinobacteriota	Thermoleophilia	Solirubrobacterales	Solirubrobacteraceae	Palsa-744	MetaBAT v2:2.15, CheckM v1.1.3, GTDB-tk v1.3.0,GTDB database release 95	IMG_PIPELINE	2022-07-18	91.89	2.14	2646012	1	0	0	42	2542	169
NA	3300050821_2515	MQ	Bacteria; Actinobacteria; Thermoleophilia; Solirubrobacterales	Bacteria	Actinobacteriota	Thermoleophilia	Solirubrobacterales	Solirubrobacteraceae	Palsa-744	MetaBAT v2:2.15, CheckM v1.1.3, GTDB-tk v1.3.0,GTDB database release 95	IMG_PIPELINE	2022-07-18	94.25	1.71	3506164	1	1	0	49	3498	41
NA	3300050821_2597	MQ	Bacteria; Actinobacteria; Thermoleophilia; Solirubrobacterales	Bacteria	Actinobacteriota	Thermoleophilia	Solirubrobacterales	Solirubrobacteraceae	Palsa-744	MetaBAT v2:2.15, CheckM v1.1.3, GTDB-tk v1.3.0,GTDB database release 95	IMG_PIPELINE	2022-07-18	93.63	1.71	3275108	1	0	1	49	3096	118
NA	3300050821_520	MQ	Bacteria; Actinobacteria; Thermoleophilia; Solirubrobacterales	Bacteria	Actinobacteriota	Thermoleophilia	Solirubrobacterales	Solirubrobacteraceae	Palsa-744	MetaBAT v2:2.15, CheckM v1.1.3, GTDB-tk v1.3.0,GTDB database release 95	IMG_PIPELINE	2022-07-18	92.76	4.49	3450317	1	0	0	51	3485	150
NA	3300050821_803	MQ	Bacteria; Actinobacteria; Thermoleophilia; Solirubrobacterales	Bacteria	Actinobacteriota	Thermoleophilia	Solirubrobacterales	Solirubrobacteraceae	Palsa-744	MetaBAT v2:2.15, CheckM v1.1.3, GTDB-tk v1.3.0,GTDB database release 95	IMG_PIPELINE	2022-07-18	91.04	4.7	2449269	1	1	0	43	2524	156
NA	3300050821_38	HQ	Bacteria; Bacteroidetes	Bacteria	Bacteroidota	Bacteroidia	AKYH767	B-17BO	NA	MetaBAT v2:2.15, CheckM v1.1.3, GTDB-tk v1.3.0,GTDB database release 95	IMG_PIPELINE	2022-07-18	97.14	2.83	4025172	1	1	2	33	3778	132
NA	3300050821_2534	HQ	Bacteria; Bacteroidetes	Bacteria	Bacteroidota	Bacteroidia	AKYH767	B-17BO	PALSA-968	MetaBAT v2:2.15, CheckM v1.1.3, GTDB-tk v1.3.0,GTDB database release 95	IMG_PIPELINE	2022-07-18	94.92	1.59	3719598	1	1	1	27	3384	134
NA	3300050821_2100	MQ	Bacteria; Bacteroidetes	Bacteria	Bacteroidota	Bacteroidia	AKYH767	B-17BO	PALSA-968	MetaBAT v2:2.15, CheckM v1.1.3, GTDB-tk v1.3.0,GTDB database release 95	IMG_PIPELINE	2022-07-18	98.84	1.43	3744642	2	1	0	27	3430	23
NA	3300050821_30	MQ	Bacteria; Bacteroidetes	Bacteria	Bacteroidota	Bacteroidia	AKYH767	B-17BO	UBA2475	MetaBAT v2:2.15, CheckM v1.1.3, GTDB-tk v1.3.0,GTDB database release 95	IMG_PIPELINE	2022-07-18	90.33	0.95	3793335	0	1	0	23	3653	269
NA	3300050821_1319	MQ	Bacteria; Bacteroidetes	Bacteria	Bacteroidota	Bacteroidia	AKYH767	Palsa-948	NA	MetaBAT v2:2.15, CheckM v1.1.3, GTDB-tk v1.3.0,GTDB database release 95	IMG_PIPELINE	2022-07-18	93.72	0.48	3889649	0	0	0	40	3518	67
NA	3300050821_2554	MQ	Bacteria; Bacteroidetes	Bacteria	Bacteroidota	Bacteroidia	AKYH767	Palsa-948	NA	MetaBAT v2:2.15, CheckM v1.1.3, GTDB-tk v1.3.0,GTDB database release 95	IMG_PIPELINE	2022-07-18	91.95	1.43	3690085	1	0	0	37	3300	96
NA	3300050821_1734	MQ	Bacteria; Bacteroidetes	Bacteria	Bacteroidota	Bacteroidia	AKYH767	Palsa-965	NA	MetaBAT v2:2.15, CheckM v1.1.3, GTDB-tk v1.3.0,GTDB database release 95	IMG_PIPELINE	2022-07-18	98.92	0.02	4525495	1	1	0	36	4010	112
NA	3300050821_504	MQ	Bacteria; Bacteroidetes	Bacteria	Bacteroidota	Bacteroidia	AKYH767	Palsa-965	NA	MetaBAT v2:2.15, CheckM v1.1.3, GTDB-tk v1.3.0,GTDB database release 95	IMG_PIPELINE	2022-07-18	97.62	0.95	4826605	1	0	1	37	4215	127
NA	3300050821_906	MQ	Bacteria; Bacteroidetes; Chitinophagia; Chitinophagales	Bacteria	Bacteroidota	Bacteroidia	Chitinophagales	Chitinophagaceae	Ferruginibacter	MetaBAT v2:2.15, CheckM v1.1.3, GTDB-tk v1.3.0,GTDB database release 95	IMG_PIPELINE	2022-07-18	98.33	0.25	3257220	0	1	0	34	2913	17
NA	3300050821_1464	MQ	Bacteria; Bacteroidetes; Chitinophagia; Chitinophagales	Bacteria	Bacteroidota	Bacteroidia	Chitinophagales	Chitinophagaceae	UBA8621	MetaBAT v2:2.15, CheckM v1.1.3, GTDB-tk v1.3.0,GTDB database release 95	IMG_PIPELINE	2022-07-18	99.51	1.15	4331228	1	0	1	41	3958	56
NA	3300050821_1935	MQ	Bacteria; Bacteroidetes; Chitinophagia; Chitinophagales	Bacteria	Bacteroidota	Bacteroidia	Chitinophagales	Chitinophagaceae	UBA8621	MetaBAT v2:2.15, CheckM v1.1.3, GTDB-tk v1.3.0,GTDB database release 95	IMG_PIPELINE	2022-07-18	94.25	1.64	4576630	1	0	1	40	4463	405
NA	3300050821_2544	MQ	Bacteria; Bacteroidetes; Chitinophagia; Chitinophagales	Bacteria	Bacteroidota	Bacteroidia	Chitinophagales	Chitinophagaceae	UBA8621	MetaBAT v2:2.15, CheckM v1.1.3, GTDB-tk v1.3.0,GTDB database release 95	IMG_PIPELINE	2022-07-18	90.04	1.72	3575682	1	0	0	33	3429	269
NA	3300050821_476	MQ	Bacteria; Bacteroidetes; Chitinophagia; Chitinophagales	Bacteria	Bacteroidota	Bacteroidia	Chitinophagales	Chitinophagaceae	UBA8621	MetaBAT v2:2.15, CheckM v1.1.3, GTDB-tk v1.3.0,GTDB database release 95	IMG_PIPELINE	2022-07-18	97.04	1.48	6162674	1	0	1	53	5376	70
NA	3300050821_50	MQ	Bacteria; Bacteroidetes; Chitinophagia; Chitinophagales	Bacteria	Bacteroidota	Bacteroidia	Chitinophagales	Chitinophagaceae	UBA8621	MetaBAT v2:2.15, CheckM v1.1.3, GTDB-tk v1.3.0,GTDB database release 95	IMG_PIPELINE	2022-07-18	90.64	2.38	4994700	1	1	0	37	4660	302
NA	3300050821_644	MQ	Bacteria; Bacteroidetes; Chitinophagia; Chitinophagales	Bacteria	Bacteroidota	Bacteroidia	Chitinophagales	Chitinophagaceae	UBA8621	MetaBAT v2:2.15, CheckM v1.1.3, GTDB-tk v1.3.0,GTDB database release 95	IMG_PIPELINE	2022-07-18	94.78	1.51	5245150	1	0	0	38	4522	66
NA	3300050821_105	HQ	Bacteria; Bacteroidetes; Cytophagia; Cytophagales	Bacteria	Bacteroidota	Bacteroidia	Cytophagales	Cytophagaceae	NA	MetaBAT v2:2.15, CheckM v1.1.3, GTDB-tk v1.3.0,GTDB database release 95	IMG_PIPELINE	2022-07-18	99.26	1.34	3641197	1	1	1	33	3231	57
NA	3300050821_330	MQ	Bacteria; Bacteroidetes; Cytophagia; Cytophagales	Bacteria	Bacteroidota	Bacteroidia	Cytophagales	Cytophagaceae	NA	MetaBAT v2:2.15, CheckM v1.1.3, GTDB-tk v1.3.0,GTDB database release 95	IMG_PIPELINE	2022-07-18	98.81	0.3	3526139	1	0	1	33	3168	59
NA	3300050821_1210	HQ	Bacteria; Bacteroidetes; Cytophagia; Cytophagales; Cytophagaceae; Cytophaga	Bacteria	Bacteroidota	Bacteroidia	Cytophagales	Cytophagaceae	Cytophaga	MetaBAT v2:2.15, CheckM v1.1.3, GTDB-tk v1.3.0,GTDB database release 95	IMG_PIPELINE	2022-07-18	99.7	0	3874787	2	1	1	34	3391	9
NA	3300050821_1442	MQ	Bacteria; Bacteroidetes; Sphingobacteriia; Sphingobacteriales; Sphingobacteriaceae; Mucilaginibacter	Bacteria	Bacteroidota	Bacteroidia	Sphingobacteriales	Sphingobacteriaceae	Mucilaginibacter	MetaBAT v2:2.15, CheckM v1.1.3, GTDB-tk v1.3.0,GTDB database release 95	IMG_PIPELINE	2022-07-18	97.94	1.67	4061559	2	2	0	39	3743	25
NA	3300050821_107	HQ	Bacteria	Bacteria	Bacteroidota	Kapabacteria	Palsa-1295	Palsa-1295	PALSA-1296	MetaBAT v2:2.15, CheckM v1.1.3, GTDB-tk v1.3.0,GTDB database release 95	IMG_PIPELINE	2022-07-18	98.07	1.64	3659301	1	1	2	46	3278	23
NA	3300050821_1108	MQ	Bacteria	Bacteria	Desulfobacterota_B	Binatia	Binatales	Binataceae	NA	MetaBAT v2:2.15, CheckM v1.1.3, GTDB-tk v1.3.0,GTDB database release 95	IMG_PIPELINE	2022-07-18	92.27	1.68	3247358	0	0	0	34	3228	173
NA	3300050821_371	MQ	Bacteria	Bacteria	Desulfobacterota_B	Binatia	Binatales	Binataceae	NA	MetaBAT v2:2.15, CheckM v1.1.3, GTDB-tk v1.3.0,GTDB database release 95	IMG_PIPELINE	2022-07-18	93.22	1.89	5018362	0	0	0	44	5145	341
NA	3300050821_651	MQ	NA	Bacteria	Desulfobacterota_B	Binatia	Binatales	Binataceae	Binatus	MetaBAT v2:2.15, CheckM v1.1.3, GTDB-tk v1.3.0,GTDB database release 95	IMG_PIPELINE	2022-07-18	93.18	2.52	4355259	1	0	0	49	4206	34
NA	3300050821_2517	MQ	NA	Bacteria	Dormibacterota	Dormibacteria	CF-121	NA	NA	MetaBAT v2:2.15, CheckM v1.1.3, GTDB-tk v1.3.0,GTDB database release 95	IMG_PIPELINE	2022-07-18	93.06	0	2690201	1	0	1	41	2633	39
NA	3300050821_1458	HQ	Bacteria	Bacteria	Dormibacterota	Dormibacteria	UBA8260	UBA8260	NA	MetaBAT v2:2.15, CheckM v1.1.3, GTDB-tk v1.3.0,GTDB database release 95	IMG_PIPELINE	2022-07-18	96.76	1.85	3536055	1	1	1	46	3345	31
NA	3300050821_113	HQ	NA	Bacteria	Eremiobacterota	Eremiobacteria	Eremiobacterales	Eremiobacteraceae	NA	MetaBAT v2:2.15, CheckM v1.1.3, GTDB-tk v1.3.0,GTDB database release 95	IMG_PIPELINE	2022-07-18	99.07	0	3018426	1	1	1	49	2859	6
NA	3300050821_1338	HQ	NA	Bacteria	FCPU426	NA	NA	NA	NA	MetaBAT v2:2.15, CheckM v1.1.3, GTDB-tk v1.3.0,GTDB database release 95	IMG_PIPELINE	2022-07-18	94.38	1.12	2592276	1	1	1	44	2513	20
NA	3300050821_1818	MQ	Bacteria; Proteobacteria; Deltaproteobacteria; Myxococcales	Bacteria	Myxococcota	Myxococcia	Myxococcales	Myxococcaceae	NA	MetaBAT v2:2.15, CheckM v1.1.3, GTDB-tk v1.3.0,GTDB database release 95	IMG_PIPELINE	2022-07-18	97.52	2.74	7465632	1	0	1	49	6918	261
NA	3300050821_101	MQ	Bacteria; Proteobacteria; Deltaproteobacteria; Myxococcales	Bacteria	Myxococcota	Polyangia	Polyangiales	Polyangiaceae	NA	MetaBAT v2:2.15, CheckM v1.1.3, GTDB-tk v1.3.0,GTDB database release 95	IMG_PIPELINE	2022-07-18	91.61	2.74	7254528	0	1	0	44	6636	146
NA	3300050821_1380	HQ	Bacteria; Proteobacteria; Alphaproteobacteria; Rhodospirillales	Bacteria	Proteobacteria	Alphaproteobacteria	Acetobacterales	Acetobacteraceae	Palsa-883	MetaBAT v2:2.15, CheckM v1.1.3, GTDB-tk v1.3.0,GTDB database release 95	IMG_PIPELINE	2022-07-18	95.02	1.66	6888369	1	1	1	52	6948	187
NA	3300050821_12	MQ	Bacteria; Proteobacteria; Alphaproteobacteria; Rhodospirillales	Bacteria	Proteobacteria	Alphaproteobacteria	Acetobacterales	Acetobacteraceae	Palsa-883	MetaBAT v2:2.15, CheckM v1.1.3, GTDB-tk v1.3.0,GTDB database release 95	IMG_PIPELINE	2022-07-18	90.52	3.15	7479768	0	0	0	45	7412	496
NA	3300050821_21	MQ	Bacteria; Proteobacteria; Alphaproteobacteria; Rhodospirillales	Bacteria	Proteobacteria	Alphaproteobacteria	Acetobacterales	Acetobacteraceae	Palsa-883	MetaBAT v2:2.15, CheckM v1.1.3, GTDB-tk v1.3.0,GTDB database release 95	IMG_PIPELINE	2022-07-18	94.78	1.49	5944290	0	0	0	36	6175	271
NA	3300050821_328	MQ	Bacteria; Proteobacteria; Alphaproteobacteria; Rhodospirillales	Bacteria	Proteobacteria	Alphaproteobacteria	Acetobacterales	Acetobacteraceae	Palsa-883	MetaBAT v2:2.15, CheckM v1.1.3, GTDB-tk v1.3.0,GTDB database release 95	IMG_PIPELINE	2022-07-18	93.88	1.38	7097190	0	0	0	48	7230	325
NA	3300050821_1219	MQ	Bacteria; Proteobacteria; Alphaproteobacteria; Rhodospirillales; Acetobacteraceae; Rhodopila	Bacteria	Proteobacteria	Alphaproteobacteria	Acetobacterales	Acetobacteraceae	Rhodopila	MetaBAT v2:2.15, CheckM v1.1.3, GTDB-tk v1.3.0,GTDB database release 95	IMG_PIPELINE	2022-07-18	92.25	0.66	6560257	0	0	0	41	6729	415
NA	3300050821_671	HQ	Bacteria; Proteobacteria; Alphaproteobacteria	Bacteria	Proteobacteria	Alphaproteobacteria	ATCC43930	Stellaceae	AP-15	MetaBAT v2:2.15, CheckM v1.1.3, GTDB-tk v1.3.0,GTDB database release 95	IMG_PIPELINE	2022-07-18	96.16	0.87	4920914	1	1	1	69	5047	76
NA	3300050821_1574	MQ	Bacteria; Proteobacteria; Alphaproteobacteria	Bacteria	Proteobacteria	Alphaproteobacteria	ATCC43930	Stellaceae	AP-15	MetaBAT v2:2.15, CheckM v1.1.3, GTDB-tk v1.3.0,GTDB database release 95	IMG_PIPELINE	2022-07-18	91.88	4.78	6542440	2	1	0	46	6711	350
NA	3300050821_1820	MQ	Bacteria; Proteobacteria; Alphaproteobacteria	Bacteria	Proteobacteria	Alphaproteobacteria	ATCC43930	Stellaceae	AP-15	MetaBAT v2:2.15, CheckM v1.1.3, GTDB-tk v1.3.0,GTDB database release 95	IMG_PIPELINE	2022-07-18	90.3	3.7	6712162	0	1	0	48	7489	528
NA	3300050821_2140	MQ	Bacteria; Proteobacteria; Alphaproteobacteria	Bacteria	Proteobacteria	Alphaproteobacteria	ATCC43930	Stellaceae	AP-15	MetaBAT v2:2.15, CheckM v1.1.3, GTDB-tk v1.3.0,GTDB database release 95	IMG_PIPELINE	2022-07-18	97.38	0.87	4528557	0	1	0	45	4662	96
NA	3300050821_331	MQ	Bacteria; Proteobacteria; Alphaproteobacteria	Bacteria	Proteobacteria	Alphaproteobacteria	ATCC43930	Stellaceae	AP-15	MetaBAT v2:2.15, CheckM v1.1.3, GTDB-tk v1.3.0,GTDB database release 95	IMG_PIPELINE	2022-07-18	93.76	1.3	4844608	0	1	0	37	4829	54
NA	3300050821_378	MQ	Bacteria; Proteobacteria; Alphaproteobacteria	Bacteria	Proteobacteria	Alphaproteobacteria	ATCC43930	Stellaceae	AP-15	MetaBAT v2:2.15, CheckM v1.1.3, GTDB-tk v1.3.0,GTDB database release 95	IMG_PIPELINE	2022-07-18	96	2.39	6944550	0	1	0	51	7241	156
NA	3300050821_471	MQ	Bacteria; Proteobacteria; Alphaproteobacteria	Bacteria	Proteobacteria	Alphaproteobacteria	ATCC43930	Stellaceae	AP-15	MetaBAT v2:2.15, CheckM v1.1.3, GTDB-tk v1.3.0,GTDB database release 95	IMG_PIPELINE	2022-07-18	95.29	0.88	4185512	1	0	0	43	4336	127
NA	3300050821_82	MQ	Bacteria; Proteobacteria; Alphaproteobacteria	Bacteria	Proteobacteria	Alphaproteobacteria	ATCC43930	Stellaceae	AP-15	MetaBAT v2:2.15, CheckM v1.1.3, GTDB-tk v1.3.0,GTDB database release 95	IMG_PIPELINE	2022-07-18	92.98	4.13	6125799	1	0	1	48	6519	265
NA	3300050821_2185	HQ	Bacteria; Proteobacteria; Alphaproteobacteria; Caulobacterales	Bacteria	Proteobacteria	Alphaproteobacteria	Caulobacterales	Caulobacteraceae	NA	MetaBAT v2:2.15, CheckM v1.1.3, GTDB-tk v1.3.0,GTDB database release 95	IMG_PIPELINE	2022-07-18	94.41	1.71	4245197	1	1	1	42	4470	228
NA	3300050821_2513	MQ	Bacteria; Proteobacteria; Alphaproteobacteria	Bacteria	Proteobacteria	Alphaproteobacteria	Dongiales	Dongiaceae	NA	MetaBAT v2:2.15, CheckM v1.1.3, GTDB-tk v1.3.0,GTDB database release 95	IMG_PIPELINE	2022-07-18	97.82	0.87	4469381	0	1	0	43	4434	100
NA	3300050821_2563	MQ	Bacteria; Proteobacteria; Alphaproteobacteria	Bacteria	Proteobacteria	Alphaproteobacteria	Dongiales	Dongiaceae	NA	MetaBAT v2:2.15, CheckM v1.1.3, GTDB-tk v1.3.0,GTDB database release 95	IMG_PIPELINE	2022-07-18	95.72	1.75	4486507	0	0	0	43	4501	184
NA	3300050821_90	MQ	Bacteria; Proteobacteria; Alphaproteobacteria; Hyphomicrobiales	Bacteria	Proteobacteria	Alphaproteobacteria	Rhizobiales	Hyphomicrobiaceae	AWTP1-13	MetaBAT v2:2.15, CheckM v1.1.3, GTDB-tk v1.3.0,GTDB database release 95	IMG_PIPELINE	2022-07-18	91.82	2.7	5226469	1	0	1	31	5115	465
NA	3300050821_1455	MQ	Bacteria; Proteobacteria; Alphaproteobacteria; Hyphomicrobiales	Bacteria	Proteobacteria	Alphaproteobacteria	Rhizobiales	Xanthobacteraceae	BOG-931	MetaBAT v2:2.15, CheckM v1.1.3, GTDB-tk v1.3.0,GTDB database release 95	IMG_PIPELINE	2022-07-18	93.08	2.16	6271197	0	0	0	46	6179	182
NA	3300050821_464	MQ	Bacteria; Proteobacteria; Alphaproteobacteria; Hyphomicrobiales; Bradyrhizobiaceae; Bradyrhizobium	Bacteria	Proteobacteria	Alphaproteobacteria	Rhizobiales	Xanthobacteraceae	Bradyrhizobium	MetaBAT v2:2.15, CheckM v1.1.3, GTDB-tk v1.3.0,GTDB database release 95	IMG_PIPELINE	2022-07-18	91.74	0.84	5855930	1	0	0	47	5955	203
NA	3300050821_466	MQ	Bacteria; Proteobacteria; Alphaproteobacteria; Hyphomicrobiales; Bradyrhizobiaceae; Bradyrhizobium	Bacteria	Proteobacteria	Alphaproteobacteria	Rhizobiales	Xanthobacteraceae	Bradyrhizobium	MetaBAT v2:2.15, CheckM v1.1.3, GTDB-tk v1.3.0,GTDB database release 95	IMG_PIPELINE	2022-07-18	97.51	0.72	5583182	1	0	1	48	5499	54
NA	3300050821_1593	MQ	Bacteria; Proteobacteria; Alphaproteobacteria; Hyphomicrobiales	Bacteria	Proteobacteria	Alphaproteobacteria	Rhizobiales	Xanthobacteraceae	VAZQ01	MetaBAT v2:2.15, CheckM v1.1.3, GTDB-tk v1.3.0,GTDB database release 95	IMG_PIPELINE	2022-07-18	94.12	3.96	6505474	0	1	0	49	6547	355
NA	3300050821_1668	MQ	Bacteria; Proteobacteria; Alphaproteobacteria; Hyphomicrobiales	Bacteria	Proteobacteria	Alphaproteobacteria	Rhizobiales	Xanthobacteraceae	VAZQ01	MetaBAT v2:2.15, CheckM v1.1.3, GTDB-tk v1.3.0,GTDB database release 95	IMG_PIPELINE	2022-07-18	92.67	2.58	4872753	0	0	0	31	4988	324
NA	3300050821_1058	MQ	Bacteria; Proteobacteria; Alphaproteobacteria	Bacteria	Proteobacteria	Alphaproteobacteria	UBA1301	UBA1301	UBA6038	MetaBAT v2:2.15, CheckM v1.1.3, GTDB-tk v1.3.0,GTDB database release 95	IMG_PIPELINE	2022-07-18	97.68	2.41	3990844	0	2	0	42	4257	140
NA	3300050821_2244	MQ	Bacteria; Proteobacteria; Alphaproteobacteria	Bacteria	Proteobacteria	Alphaproteobacteria	UBA1301	UBA1301	UBA6038	MetaBAT v2:2.15, CheckM v1.1.3, GTDB-tk v1.3.0,GTDB database release 95	IMG_PIPELINE	2022-07-18	95.55	0.72	4194340	1	0	0	43	4210	118
NA	3300050821_60	MQ	Bacteria; Proteobacteria; Alphaproteobacteria	Bacteria	Proteobacteria	Alphaproteobacteria	UBA1301	UBA1301	UBA6038	MetaBAT v2:2.15, CheckM v1.1.3, GTDB-tk v1.3.0,GTDB database release 95	IMG_PIPELINE	2022-07-18	91.3	1.01	3517567	0	0	0	32	3551	132
NA	3300050821_99	MQ	Bacteria; Proteobacteria; Alphaproteobacteria	Bacteria	Proteobacteria	Alphaproteobacteria	UBA1301	UBA1301	UBA6038	MetaBAT v2:2.15, CheckM v1.1.3, GTDB-tk v1.3.0,GTDB database release 95	IMG_PIPELINE	2022-07-18	97.9	0	4455369	1	0	0	48	4354	76
NA	3300050821_403	MQ	Bacteria; Proteobacteria; Betaproteobacteria; Burkholderiales; Oxalobacteraceae; Collimonas	Bacteria	Proteobacteria	Gammaproteobacteria	Burkholderiales	Burkholderiaceae	Collimonas	MetaBAT v2:2.15, CheckM v1.1.3, GTDB-tk v1.3.0,GTDB database release 95	IMG_PIPELINE	2022-07-18	94.21	1.95	5205379	0	0	0	47	5093	231
NA	3300050821_109	MQ	Bacteria; Proteobacteria; Betaproteobacteria; Burkholderiales; Oxalobacteraceae; Janthinobacterium	Bacteria	Proteobacteria	Gammaproteobacteria	Burkholderiales	Burkholderiaceae	Janthinobacterium	MetaBAT v2:2.15, CheckM v1.1.3, GTDB-tk v1.3.0,GTDB database release 95	IMG_PIPELINE	2022-07-18	99.59	1.38	6308779	1	1	0	80	5810	12
NA	3300050821_1159	MQ	Bacteria; Proteobacteria; Betaproteobacteria	Bacteria	Proteobacteria	Gammaproteobacteria	Burkholderiales	Burkholderiaceae	VBCK01	MetaBAT v2:2.15, CheckM v1.1.3, GTDB-tk v1.3.0,GTDB database release 95	IMG_PIPELINE	2022-07-18	92.08	0.62	4372228	1	1	0	36	4217	326
NA	3300050821_2558	MQ	Bacteria; Proteobacteria; Betaproteobacteria	Bacteria	Proteobacteria	Gammaproteobacteria	Burkholderiales	Ga0077523	NA	MetaBAT v2:2.15, CheckM v1.1.3, GTDB-tk v1.3.0,GTDB database release 95	IMG_PIPELINE	2022-07-18	90.47	3.08	4293316	0	1	0	32	4489	494
NA	3300050821_47	HQ	Bacteria; Proteobacteria; Betaproteobacteria	Bacteria	Proteobacteria	Gammaproteobacteria	Burkholderiales	SG8-39	NA	MetaBAT v2:2.15, CheckM v1.1.3, GTDB-tk v1.3.0,GTDB database release 95	IMG_PIPELINE	2022-07-18	95.5	0.83	5723586	1	1	1	44	5395	232
NA	3300050821_1188	MQ	Bacteria; Proteobacteria	Bacteria	Proteobacteria	Gammaproteobacteria	Steroidobacterales	Steroidobacteraceae	NA	MetaBAT v2:2.15, CheckM v1.1.3, GTDB-tk v1.3.0,GTDB database release 95	IMG_PIPELINE	2022-07-18	92.25	3.5	4485228	0	0	0	42	4244	120
NA	3300050821_530	MQ	Bacteria; Proteobacteria	Bacteria	Proteobacteria	Gammaproteobacteria	Steroidobacterales	Steroidobacteraceae	NA	MetaBAT v2:2.15, CheckM v1.1.3, GTDB-tk v1.3.0,GTDB database release 95	IMG_PIPELINE	2022-07-18	90.7	4.24	4810283	1	0	0	37	4644	257
NA	3300050821_84	MQ	Bacteria; Proteobacteria	Bacteria	Proteobacteria	Gammaproteobacteria	Steroidobacterales	Steroidobacteraceae	NA	MetaBAT v2:2.15, CheckM v1.1.3, GTDB-tk v1.3.0,GTDB database release 95	IMG_PIPELINE	2022-07-18	93.54	3.78	4297406	0	0	0	46	4167	126
NA	3300050821_895	MQ	Bacteria; Proteobacteria	Bacteria	Proteobacteria	Gammaproteobacteria	Steroidobacterales	Steroidobacteraceae	NA	MetaBAT v2:2.15, CheckM v1.1.3, GTDB-tk v1.3.0,GTDB database release 95	IMG_PIPELINE	2022-07-18	94.22	2.54	3774942	0	0	0	39	3580	143
NA	3300050821_1725	HQ	Bacteria; Proteobacteria; Gammaproteobacteria	Bacteria	Proteobacteria	Gammaproteobacteria	Steroidobacterales	Steroidobacteraceae	13-2-20CM-66-19	MetaBAT v2:2.15, CheckM v1.1.3, GTDB-tk v1.3.0,GTDB database release 95	IMG_PIPELINE	2022-07-18	90.68	2.43	3029949	1	1	1	31	2935	196
NA	3300050821_2078	MQ	Bacteria; Proteobacteria	Bacteria	Proteobacteria	Gammaproteobacteria	Steroidobacterales	Steroidobacteraceae	13-2-20CM-66-19	MetaBAT v2:2.15, CheckM v1.1.3, GTDB-tk v1.3.0,GTDB database release 95	IMG_PIPELINE	2022-07-18	95.43	3.56	4282167	0	0	0	40	3927	31
NA	3300050821_474	MQ	Bacteria; Proteobacteria; Gammaproteobacteria	Bacteria	Proteobacteria	Gammaproteobacteria	Steroidobacterales	Steroidobacteraceae	Bog-1198	MetaBAT v2:2.15, CheckM v1.1.3, GTDB-tk v1.3.0,GTDB database release 95	IMG_PIPELINE	2022-07-18	91.47	2.58	3657074	0	0	0	37	3441	59
NA	3300050821_1765	MQ	Bacteria; Proteobacteria; Gammaproteobacteria; Xanthomonadales; Rhodanobacteraceae; Rhodanobacter	Bacteria	Proteobacteria	Gammaproteobacteria	Xanthomonadales	Rhodanobacteraceae	Rhodanobacter	MetaBAT v2:2.15, CheckM v1.1.3, GTDB-tk v1.3.0,GTDB database release 95	IMG_PIPELINE	2022-07-18	96.29	1.29	3420439	0	0	0	42	3222	186
NA	3300050821_452	HQ	Bacteria	Bacteria	Verrucomicrobiota_A	Chlamydiia	Parachlamydiales	SM23-39	PALSA-1448	MetaBAT v2:2.15, CheckM v1.1.3, GTDB-tk v1.3.0,GTDB database release 95	IMG_PIPELINE	2022-07-18	92.91	0.68	2386782	2	1	1	39	2389	61
NA	3300050821_95	MQ	Bacteria	Bacteria	Verrucomicrobiota	Verrucomicrobiae	Chthoniobacterales	UBA10450	AV40	MetaBAT v2:2.15, CheckM v1.1.3, GTDB-tk v1.3.0,GTDB database release 95	IMG_PIPELINE	2022-07-18	93.12	1.35	2916559	0	0	1	46	2930	97
NA	3300050821_18	HQ	Bacteria; Verrucomicrobia; Opitutae; Opitutales	Bacteria	Verrucomicrobiota	Verrucomicrobiae	Opitutales	Opitutaceae	NA	MetaBAT v2:2.15, CheckM v1.1.3, GTDB-tk v1.3.0,GTDB database release 95	IMG_PIPELINE	2022-07-18	99.32	2.05	3276906	1	1	1	44	2897	59
NA	3300050821_1296	MQ	Bacteria; Verrucomicrobia; Verrucomicrobiae; Verrucomicrobiales; Verrucomicrobia subdivision 3; Pedosphaera; Pedosphaera parvula	Bacteria	Verrucomicrobiota	Verrucomicrobiae	Pedosphaerales	Pedosphaeraceae	Pedosphaera	MetaBAT v2:2.15, CheckM v1.1.3, GTDB-tk v1.3.0,GTDB database release 95	IMG_PIPELINE	2022-07-18	91.48	3.38	3562761	0	0	0	38	3529	297
NA	3300050821_2147	MQ	Bacteria	Bacteria	Verrucomicrobiota	Verrucomicrobiae	Pedosphaerales	Pedosphaeraceae	UBA11358	MetaBAT v2:2.15, CheckM v1.1.3, GTDB-tk v1.3.0,GTDB database release 95	IMG_PIPELINE	2022-07-18	96.62	2.88	5396221	1	0	1	62	4991	325
