file,Sample,Treatment,Layer
11839.4.222578.GAGCTCA-TTGAGCT,C-14-O,Control,Organic
11839.5.222581.CGGTTGT-AACAACC,H-26-O,Heated,Organic
11839.6.222584.GCCTTGT-AACAAGG,C-7-O,Control,Organic
11839.7.222587.CCAGTGT-AACACTG,H-28-O,Heated,Organic
11839.8.222590.TCGCTGT-AACAGCG,C-12-O,Control,Organic
11840.1.222530.GCTACGT-AACGTAG,H-32-M,Heated,Mineral
11840.2.222533.TCCGAGT-AACTCGG,C-19-M,Control,Mineral
11840.3.222536.CCTCAGT-AACTGAG,H-11-M,Heated,Mineral
11840.4.222539.ACGGTCT-AAGACCG,C-27-M,Control,Mineral
11840.5.222542.GGACTGT-AACAGTC,C-27-O,Control,Organic
11840.6.222545.GTTCGGT-AACCGAA,H-4-O,Heated,Organic
11840.7.222548.CGTAGGT-AACCTAC,H-2-O,Heated,Organic
11840.8.222551.TGTGCGT-AACGCAC,C-14-M,Control,Mineral
11860.1.224392.GAACGCT-AAGCGTT,H-17-M,Heated,Mineral
11860.2.224395.ATAGCGG-ACCGCTA,H-2-M,Heated,Mineral
11860.3.224398.ATTGAGC-GGCTCAA,C-4-M,Control,Mineral
11860.4.224401.TTCGTAC-GGTACGA,C-30-M,Control,Mineral
11860.5.224404.TCATCAC-GGTGATG,C-4-O,Control,Organic
11860.6.224407.TGTACAC-GGTGTAC,H-11-O,Heated,Organic
11860.7.224410.AGCTAAC-GGTTAGC,C-30-O,Control,Organic
11860.8.224413.TACCAAC-GGTTGGT,H-32-O,Heated,Organic
11862.1.224563.GTAACGA-GTCGTTA,H-4-M,Heated,Mineral
11862.2.224566.AGTCTCA-GTGAGAC,H-28-M,Heated,Mineral
11862.3.224569.CGCTTAA-GTTAAGC,C-7-M,Control,Mineral
11862.4.224572.ACAGCAA-GTTGCTG,H-17-O,Heated,Organic
11862.5.224575.ACCATCC-TGGATGG,H-26-M,Heated,Mineral
11862.6.224578.CTGACAC-TGTGTCA,C-19-O,Control,Organic
11862.7.224581.ACGGAAC-TGTTCCG,C-12-M,Control,Mineral